Date,Open,High,Low,Close,Adj Close,Volume
2021-01-04,19.1,19.1,18.44,18.6,18.1348,155421643
2021-01-05,18.4,18.48,17.8,18.17,17.7155,182135210
2021-01-06,18.08,19.56,18,19.56,19.0707,193494512
2021-01-07,19.52,19.98,19.23,19.9,19.4022,158418530
2021-01-08,19.9,20.1,19.31,19.85,19.3535,119547322
2021-01-11,20,20.64,20,20.38,19.8702,179045714
2021-01-12,20.39,21,20.18,21,20.4747,128816550
2021-01-13,21,21.01,20.4,20.7,20.1822,104911973
2021-01-14,20.68,20.89,19.95,20.17,19.6655,113015562
2021-01-15,21,21.95,20.82,21,20.4747,248068898
2021-01-18,21.2,22.78,21.2,22.7,22.1322,215730178
2021-01-19,22.51,22.84,22.05,22.34,21.7812,124208834
2021-01-20,22.15,22.97,22.12,22.47,21.908,128079316
2021-01-21,22.5,22.8,22.15,22.23,21.674,94477860
2021-01-22,22.23,22.23,21.51,22.03,21.479,92443442
2021-01-25,21.72,22.6,21.43,22.49,21.9275,102836527
2021-01-26,22.3,23.32,22.3,22.37,21.8105,112672055
2021-01-27,22.31,23.47,22.31,23.08,22.5027,129415272
2021-01-28,22.78,23.18,22.45,22.81,22.2395,85747696
2021-01-29,22.81,23.54,22.71,23.09,22.5125,124025841
2021-02-01,23,24.99,22.7,24.55,23.9359,147523930
2021-02-02,23.38,24.1,22.91,23.28,22.6977,241616877
2021-02-03,23.48,25.18,23.38,24.95,24.3259,192327159
2021-02-04,24.18,25.24,24.04,24.6,23.9847,125524750
2021-02-05,24.6,25.31,24.27,24.93,24.3064,101557559
2021-02-08,24.9,24.9,24.1,24.8,24.1797,108426467
2021-02-09,24.79,24.84,24.17,24.58,23.9652,94209355
2021-02-10,24.6,24.96,23.38,23.82,23.2242,191886710
2021-02-18,24,24.55,23.48,24.3,23.6922,150523081
2021-02-19,23.96,24.19,23.57,23.85,23.2534,92258314
2021-02-22,23.8,23.8,22.26,22.38,21.8202,195684248
2021-02-23,22.38,22.68,21.82,21.93,21.3815,187046013
2021-02-24,22.27,22.28,21.56,22.16,21.6057,142849985
2021-02-25,22.4,22.56,21.68,22.09,21.5375,159340347
2021-02-26,21.6,21.96,21.21,21.38,20.8452,112497730
2021-03-01,21.54,21.68,21.18,21.45,20.9135,112538653
2021-03-02,21.62,22.15,21.26,21.65,21.1085,147342505
2021-03-03,21.58,23.08,21.46,23.01,22.4345,191963527
2021-03-04,22.77,23.49,22.65,22.92,22.3467,121357937
2021-03-05,22.7,22.98,21.86,22.34,21.7812,88017141
2021-03-08,22.44,22.69,21.48,21.6,21.0597,99377397
2021-03-09,21.68,21.92,20.58,20.85,20.3285,136189533
2021-03-10,20.84,20.91,20.28,20.4,19.8897,114941657
2021-03-11,20.58,21.38,20.56,21.27,20.738,104865939
2021-03-12,21.37,21.7,21.2,21.48,20.9427,69720060
2021-03-15,21.4,22.12,21.11,21.6,21.0597,95874870
2021-03-16,21.6,22.11,21.27,21.66,21.1182,93968432
2021-03-17,21.45,21.55,20.9,21.2,20.6697,82148865
2021-03-18,21.3,21.73,21,21.73,21.1865,69161019
2021-03-19,21.53,21.65,20.37,20.47,19.958,152562227
2021-03-22,20.55,21.55,20.53,21.55,21.011,145119008
2021-03-23,21.57,21.65,20.96,21.23,20.699,68290338
2021-03-24,21.21,21.28,20.45,20.53,20.0165,85008507
2021-03-25,20.58,20.83,20.4,20.75,20.231,49266574
2021-03-26,20.84,21.4,20.76,21.14,20.6112,82210806
2021-03-29,21.28,21.65,21.2,21.49,20.9525,78566668
2021-03-30,21.38,21.93,21.21,21.93,21.3815,73865481
2021-03-31,21.77,22.07,21.6,22.01,21.4595,77702807
2021-04-01,22.08,22.11,21.5,21.78,21.2352,54444898
2021-04-02,21.7,21.73,21.36,21.5,20.9622,58108352
2021-04-06,21.55,22.09,21.51,21.68,21.1377,40110282
2021-04-07,21.88,21.93,21.31,21.64,21.0987,51760459
2021-04-08,21.46,21.73,21.33,21.56,21.0207,38302950
2021-04-09,21.71,21.72,21.08,21.3,20.7672,39896028
2021-04-12,21.51,21.51,20.63,20.7,20.1822,59474314
2021-04-13,20.72,20.88,20.59,20.78,20.2602,49990418
2021-04-14,20.79,20.94,20.42,20.67,20.153,53743849
2021-04-15,20.76,20.77,20.08,20.36,19.8507,73586505
2021-04-16,20.36,20.43,19.81,20.26,19.7532,72999826
2021-04-19,20.03,21.24,19.91,21.15,20.621,111228262
2021-04-20,21.08,21.95,20.92,21.69,21.1475,83477272
2021-04-21,22.3,23.19,22.29,23.01,22.4345,159709965
2021-04-22,23.19,23.23,22.78,22.98,22.4052,82969388
2021-04-23,23.32,23.65,23.07,23.29,22.7074,82323015
2021-04-26,23.87,24.23,22.9,22.94,22.3662,87241767
2021-04-27,22.95,23.19,22.86,22.94,22.3662,47043140
2021-04-28,23.29,23.45,22.78,23.35,22.7659,59383793
2021-04-29,23.34,23.71,23.11,23.59,22.9999,61483688
2021-04-30,23.35,23.49,23.01,23.29,22.7074,56198132
2021-05-06,23.1,23.7,23.1,23.5,22.9122,50029522
2021-05-07,23.67,24.3,23.39,24.05,23.4484,80221421
2021-05-10,24,24.04,23.02,23.86,23.2632,66143890
2021-05-11,23.62,23.75,23.06,23.53,22.9414,49722345
2021-05-12,23.29,23.64,22.88,23.55,22.9609,53326526
2021-05-13,23.52,23.59,22.84,23.07,22.493,54965250
2021-05-14,23.14,23.43,22.6,23.32,22.9122,56378536
2021-05-17,23.15,23.82,22.95,23.6,23.1873,52756465
2021-05-18,23.85,24.11,23.4,23.9,23.4821,39541498
2021-05-19,23.82,24.13,23.52,23.6,23.1873,42942033
2021-05-20,23.41,23.84,23.27,23.82,23.4035,40578837
2021-05-21,23.88,24.09,23.03,23.49,23.0792,53933574
2021-05-24,23.48,23.6,23.19,23.48,23.0694,34393563
2021-05-25,23.54,24.73,23.45,24.6,24.1698,97237462
2021-05-26,24.64,25.12,24.5,25.01,24.5726,91926378
2021-05-27,24.91,25.16,24.52,24.79,24.3565,50409136
2021-05-28,24.68,24.71,24.16,24.5,24.0716,49240073
2021-05-31,24.33,24.53,23.91,24.2,23.7768,51535081
2021-06-01,24.2,24.25,23.5,23.92,23.5017,62501796
2021-06-02,23.89,23.92,23.38,23.89,23.4722,49752702
2021-06-03,23.72,24.14,23.68,23.77,23.3543,40090085
2021-06-04,23.99,24.96,23.8,24.54,24.1109,75673942
2021-06-07,24.48,24.48,23.93,24.3,23.8751,44791410
2021-06-08,24.15,24.57,23.95,24.53,24.101,57007792
2021-06-09,24.43,24.88,24.18,24.65,24.2189,45383150
2021-06-10,24.66,25.06,24.15,24.2,23.7768,53021516
2021-06-11,24.31,24.35,23.12,23.37,22.9613,83466504
2021-06-15,23.35,23.43,22.8,23.22,22.8139,66062259
2021-06-16,23.22,23.4,23.01,23.26,22.8532,37820804
2021-06-17,23.02,23.69,23.02,23.1,22.696,45328209
2021-06-18,23.13,23.28,22.39,22.65,22.2539,69409930
2021-06-21,22.6,22.67,22.01,22.16,21.7725,71827274
2021-06-22,22.38,23.09,22.25,22.97,22.5683,75775141
2021-06-23,22.85,23.41,22.72,23.14,22.7353,44790778
2021-06-24,23.03,23.12,22.68,23.08,22.6764,39028349
2021-06-25,23.08,23.6,23.06,23.36,22.9515,55997295
2021-06-28,23.36,23.39,22.48,22.78,22.3816,62625737
2021-06-29,22.58,22.79,22,22.34,21.9493,104974939
2021-06-30,22.36,22.93,22.35,22.62,22.2244,40343546
2021-07-01,22.81,23.5,22.52,23.2,22.7943,66483330
2021-07-02,22.72,22.74,21.76,21.81,21.4286,107067756
2021-07-05,21.69,22.15,21.09,22.06,21.6742,85934129
2021-07-06,22.08,23,21.85,22.78,22.3816,79195726
2021-07-07,22.68,23.05,22.5,22.55,22.1557,46894487
2021-07-08,22.78,22.78,21.2,21.51,21.1338,145705947
2021-07-09,21.3,21.63,21.02,21.27,20.898,76236474
2021-07-12,21.5,21.5,20.89,21.16,20.79,87790102
2021-07-13,21.15,21.34,20.54,21.12,20.7507,65761395
2021-07-14,21,21,20.41,20.76,20.397,84795055
2021-07-15,20.72,21.72,20.63,21.62,21.2419,95600305
2021-07-16,21.41,21.82,21.3,21.34,20.9668,57300261
2021-07-19,21.36,21.43,20.78,21.21,20.8391,52213595
2021-07-20,21.1,21.2,20.47,20.6,20.2398,80403433
2021-07-21,20.58,20.8,20.2,20.45,20.0924,75307652
2021-07-22,20.45,20.66,20.24,20.38,20.0236,86864809
2021-07-23,20.38,20.38,20,20.1,19.7485,72740433
2021-07-26,19.96,19.99,18.43,18.8,18.4712,145130394
2021-07-27,18.87,18.99,17.6,17.76,17.4494,135755148
2021-07-28,17.85,18.07,17.68,17.75,17.4396,106299421
2021-07-29,17.91,18.24,17.78,17.96,17.6459,87237812
2021-07-30,17.92,18.05,17.24,17.69,17.3806,95015588
2021-08-02,17.64,18.14,17.18,18.01,17.6951,115992263
2021-08-03,17.99,18.15,17.66,17.89,17.5772,89694857
2021-08-04,18.04,18.07,17.6,17.81,17.4986,72962008
2021-08-05,17.7,18.05,17.58,17.68,17.3708,62157388
2021-08-06,17.55,17.9,17.45,17.86,17.5477,56745413
2021-08-09,17.91,19.25,17.84,19.06,18.7267,175279800
2021-08-10,19.09,19.98,18.9,19.73,19.385,130198844
2021-08-11,19.99,20.58,19.7,19.81,19.4636,104830844
2021-08-12,19.79,20.3,19.63,19.89,19.5422,66645800
2021-08-13,19.78,19.92,19.5,19.89,19.5422,56288502
2021-08-16,20.09,20.2,19.57,19.95,19.6011,62705022
2021-08-17,19.85,20.22,19.61,19.67,19.326,47602194
2021-08-18,19.67,21.2,19.55,20.62,20.2594,133273216
2021-08-19,20.48,20.62,20.02,20.34,19.9843,64997561
2021-08-20,19.97,20.07,18.7,19.42,19.0804,161462793
2021-08-23,19.5,20.05,19.11,19.3,18.9625,119184935
2021-08-24,19.35,19.97,19.21,19.36,19.0214,86895330
2021-08-25,19.42,19.47,18.95,19.16,18.8249,69808397
2021-08-26,19.2,19.26,18.41,18.46,18.1372,95161900
2021-08-27,18.56,18.88,18.31,18.39,18.0684,72882023
2021-08-30,18.21,18.29,17.55,17.72,17.4101,125221101
2021-08-31,17.72,17.93,17.31,17.8,17.4887,117486786
2021-09-01,17.48,17.92,17.01,17.88,17.5673,231689409
2021-09-02,18,18.78,17.8,18.4,18.0782,242260354
2021-09-03,18.5,18.5,17.7,18.04,17.7245,139481871
2021-09-06,17.93,18.6,17.78,18.45,18.1274,151522556
2021-09-07,18.6,19.56,18.35,19.24,18.9035,162234416
2021-09-08,19.24,19.55,19.1,19.23,18.8937,102620105
2021-09-09,19.11,19.15,18.8,19,18.6677,73950585
2021-09-10,18.89,20.77,18.84,20.57,20.2103,231494528
2021-09-13,20.36,20.51,19.81,20.21,19.8566,129722802
2021-09-14,20.18,20.27,19.27,19.37,19.0313,115817315
2021-09-15,19.31,20.99,19.19,19.52,19.1786,84161841
2021-09-16,19.3,19.5,18.73,19.08,18.7463,117695356
2021-09-17,18.9,19,18.41,18.53,18.206,112487963
2021-09-22,17.87,18.05,17.42,17.98,17.6656,147336521
2021-09-23,18.1,18.32,17.65,17.68,17.3708,137983759
2021-09-24,17.6,17.68,17.34,17.35,17.0466,126569628
2021-09-27,17.21,17.68,17.06,17.57,17.2627,114066759
2021-09-28,17.47,18.17,17.45,17.97,17.6558,129316747
2021-09-29,17.86,18.44,17.71,18.15,17.8326,123012175
2021-09-30,18.09,18.2,17.71,17.93,17.6165,79561105
2021-10-08,18.17,18.89,18.02,18.64,18.314,115920062
2021-10-11,19,19.74,19,19.4,19.0607,145533835
2021-10-12,19.3,19.71,19.2,19.35,19.0116,103123218
2021-10-13,19.3,19.91,19.17,19.58,19.2376,80789668
2021-10-14,19.59,19.92,18.89,19.21,18.8741,84298987
2021-10-15,19,19.9,19,19.66,19.3162,99349378
2021-10-18,19.45,19.55,19.1,19.29,18.9527,72962250
2021-10-19,19.15,19.68,19.15,19.57,19.2278,68241515
2021-10-20,19.75,19.78,19.19,19.24,18.9035,66295555
2021-10-21,19.52,20.06,19.25,20,19.6503,162166101
2021-10-22,20.16,20.59,19.8,20.04,19.6896,113496363
2021-10-25,19.71,20.2,19.5,20.12,19.7682,73082823
2021-10-26,20.06,20.45,19.86,20.05,19.6994,65280684
2021-10-27,20,20.17,19.59,19.92,19.5717,68760019
2021-10-28,19.8,19.94,19.37,19.72,19.3751,61901089
2021-10-29,19.63,19.74,19.32,19.5,19.159,53992976
2021-11-01,19.33,19.73,19.01,19.39,19.0509,84149020
2021-11-02,19.37,19.49,17.99,18.18,17.8621,199769050
2021-11-03,18.1,18.24,17.85,18.03,17.7147,111497204
2021-11-04,18.08,18.1,17.8,17.87,17.5575,98341098
2021-11-05,17.85,18,17.57,17.64,17.3315,109603988
2021-11-08,17.62,17.81,17.36,17.42,17.1154,137681482
2021-11-09,17.48,17.65,17.26,17.53,17.2234,124057275
2021-11-10,17.46,17.47,17.16,17.4,17.0957,122085088
2021-11-11,17.35,18.43,17.32,18.35,18.0291,208472900
2021-11-12,18.31,18.63,18.11,18.27,17.9505,95754646
2021-11-15,18.35,18.63,18.2,18.43,18.1077,65508999
2021-11-16,18.36,18.54,18.17,18.22,17.9014,60111048
2021-11-17,18.15,18.3,17.98,18.11,17.7933,66464038
2021-11-18,18.09,18.12,17.73,17.8,17.4887,79984377
2021-11-19,17.8,18.24,17.7,18.15,17.8326,78637156
2021-11-22,18.03,18.25,17.9,18.12,17.8031,73861780
2021-11-23,18.11,18.35,17.68,17.88,17.5673,123597796
2021-11-24,17.77,17.95,17.66,17.87,17.5575,74131084
2021-11-25,17.74,17.79,17.63,17.68,17.3708,60353270
2021-11-26,17.62,17.67,17.52,17.58,17.2726,69449988
2021-11-29,17.41,17.57,17.36,17.51,17.2038,51259471
2021-11-30,17.54,17.68,17.35,17.44,17.135,73361606
2021-12-01,17.43,17.77,17.37,17.64,17.3315,70692519
2021-12-02,17.62,17.81,17.37,17.59,17.2824,99479835
2021-12-03,17.64,17.7,17.41,17.65,17.3413,70759974
2021-12-06,17.85,18.56,17.8,18.1,17.7835,214562528
2021-12-07,18.3,18.67,18.15,18.46,18.1372,161644387
2021-12-08,18.45,18.55,18.16,18.47,18.147,98028118
2021-12-09,18.49,19.06,18.37,18.7,18.373,145588668
2021-12-10,18.51,18.7,18.27,18.38,18.0586,98925513
2021-12-13,18.47,18.88,18.18,18.27,17.9505,131449027
2021-12-14,18.16,18.17,17.52,17.58,17.2726,193720890
2021-12-15,17.51,17.66,17.4,17.55,17.2431,129462741
2021-12-16,17.55,17.73,17.46,17.72,17.4101,81947951
2021-12-17,17.7,17.75,17.57,17.57,17.2627,60236967
2021-12-20,17.56,17.65,17.45,17.52,17.2136,74643520
2021-12-21,17.49,17.71,17.48,17.59,17.2824,89373404
2021-12-22,17.62,17.64,17.3,17.39,17.0859,97692775
2021-12-23,17.4,17.43,17.21,17.32,17.0171,105957594
2021-12-24,17.33,17.35,17.21,17.31,17.0073,48825149
2021-12-27,17.33,17.35,17.16,17.22,16.9189,73111899
2021-12-28,17.22,17.33,17.09,17.17,16.8697,112663891
2021-12-29,17.16,17.16,16.7,16.75,16.4571,146937398
2021-12-30,16.76,16.95,16.72,16.82,16.5259,79666360
2021-12-31,16.86,16.9,16.4,16.48,16.1918,175076089
2022-01-04,16.48,16.66,16.18,16.66,16.3687,116925933
2022-01-05,16.58,17.22,16.55,17.15,16.8501,196199817
2022-01-06,17.11,17.27,17,17.12,16.8206,110788519
2022-01-07,17.1,17.28,17.06,17.2,16.8992,112663070
2022-01-10,17.29,17.42,17.03,17.19,16.8894,90977401
2022-01-11,17.26,17.54,17.14,17.41,17.1055,158199940
2022-01-12,17.41,17.45,16.9,17,16.7027,150216355
2022-01-13,16.91,17.24,16.82,16.98,16.6831,90942265
2022-01-14,17,17.02,16.3,16.33,16.0444,210309491
2022-01-17,16.35,16.48,16.12,16.22,15.9364,114368943
2022-01-18,16.25,16.54,16.16,16.52,16.2311,115297431
2022-01-19,16.54,16.69,16.36,16.5,16.2115,98839185
2022-01-20,16.47,17.46,16.42,17.33,17.0269,303119377
2022-01-21,17.45,17.56,17.21,17.35,17.0466,148168295
2022-01-24,17.34,17.38,16.98,17.2,16.8992,87477087
2022-01-25,17.08,17.08,16.81,16.85,16.5553,109328397
2022-01-26,16.95,17.1,16.54,16.65,16.3588,98497522
2022-01-27,16.5,16.54,16.25,16.3,16.015,102464311
2022-01-28,16.39,16.45,15.82,15.83,15.5532,167556367
2022-02-07,16.02,16.41,15.89,16.39,16.1034,151547630
2022-02-08,16.3,16.97,16.26,16.83,16.5357,175469528
2022-02-09,16.92,17,16.71,16.86,16.5652,105116166
2022-02-10,16.77,17.03,16.67,16.99,16.6929,78455735
2022-02-11,17.03,17.34,17.03,17.1,16.801,107813914
2022-02-14,17.1,17.15,16.51,16.58,16.2901,115065851
2022-02-15,16.5,16.67,16.1,16.28,15.9953,120826437
2022-02-16,16.35,16.53,16.21,16.41,16.123,78239959
2022-02-17,16.39,16.55,16.32,16.42,16.1329,79450184
2022-02-18,16.32,16.77,16.31,16.77,16.4767,80249940
2022-02-21,16.66,16.67,16.32,16.51,16.2213,80099455
2022-02-22,16.31,16.44,16.16,16.23,15.9462,89495673
2022-02-23,16.3,16.31,16.04,16.19,15.9069,88674244
2022-02-24,16.13,16.15,15.8,15.91,15.6318,132408685
2022-02-25,15.99,16.08,15.87,15.9,15.622,72639707
2022-02-28,15.9,15.92,15.62,15.75,15.4746,72399045
2022-03-01,15.79,15.95,15.62,15.92,15.6416,93504034
2022-03-02,15.79,15.87,15.66,15.68,15.4058,76076086
2022-03-03,15.73,15.81,15.63,15.71,15.4353,57828505
2022-03-04,15.62,15.63,15.28,15.33,15.0619,99093566
2022-03-07,15.17,15.17,14.66,14.72,14.4626,111315899
2022-03-08,14.62,14.86,14.25,14.31,14.0598,100303269
2022-03-09,14.4,14.45,13.22,13.84,13.598,180076017
2022-03-10,14.18,14.75,14.09,14.57,14.3152,224915816
2022-03-11,14.4,14.98,14.15,14.9,14.6394,149364697
2022-03-14,14.63,14.93,14.45,14.49,14.2366,111840734
2022-03-15,14.4,14.4,13.6,13.68,13.4408,178140887
2022-03-16,13.86,14.4,13.51,14.31,14.0598,153177906
2022-03-17,14.66,14.71,14.24,14.45,14.1973,173006142
2022-03-18,14.36,14.85,14.14,14.7,14.4429,152880713
2022-03-21,14.5,14.82,14.39,14.59,14.3349,120886805
2022-03-22,14.59,15.22,14.5,15.18,14.9145,162865658
2022-03-23,15.11,15.19,14.9,15,14.7377,105010238
2022-03-24,14.92,15.31,14.81,15.2,14.9342,100235995
2022-03-25,15.15,15.25,14.82,14.98,14.718,74293335
2022-03-28,14.8,15.05,14.63,14.85,14.5903,72713699
2022-03-29,14.88,14.95,14.6,14.68,14.4233,61564315
2022-03-30,14.86,15.27,14.76,15.21,14.944,123679155
2022-03-31,15.1,15.57,15.06,15.38,15.111,116374674
2022-04-01,15.37,15.79,15.2,15.75,15.4746,148487874
2022-04-06,15.64,16.54,15.63,16.39,16.1034,248854005
2022-04-07,16.38,16.66,16.2,16.28,15.9953,165906455
2022-04-08,16.26,16.45,16.13,16.4,16.1132,106677946
2022-04-11,16.35,16.4,15.8,16.05,15.7693,141673536
2022-04-12,16.05,16.26,15.66,15.92,15.6416,103926142
2022-04-13,15.89,16.08,15.72,15.8,15.5237,89062806
2022-04-14,16,16.25,15.92,16.04,15.7595,92961494
2022-04-15,15.9,16.53,15.86,16.42,16.1329,123176103
2022-04-18,16.15,16.2,15.81,15.9,15.622,108688756
2022-04-19,15.9,15.97,15.62,15.81,15.5335,82177249
2022-04-20,15.81,16.05,15.7,15.85,15.5728,71655528
2022-04-21,15.77,15.98,15.7,15.81,15.5335,70989116
2022-04-22,15.64,16.19,15.4,16.06,15.7792,92127408
2022-04-25,15.67,15.91,14.78,14.85,14.5903,166448098
2022-04-26,14.88,14.98,14.45,14.73,14.4724,98820956
2022-04-27,14.98,15.65,14.96,15.65,15.3763,149029503
2022-04-28,15.57,15.93,15.37,15.65,15.3763,91177187
2022-04-29,15.69,15.74,14.97,15.32,15.0521,164501308
2022-05-05,15.2,15.45,15.15,15.32,15.0521,79019620
2022-05-06,15.02,15.2,14.91,14.96,14.6984,83243182
2022-05-09,14.94,14.94,14.46,14.55,14.2956,81862135
2022-05-10,14.5,14.6,14.11,14.59,14.3349,99228502
2022-05-11,14.54,14.84,14.44,14.63,14.3742,84857362
2022-05-12,14.48,14.56,14.33,14.38,14.1285,68506423
2022-05-13,14.5,14.66,14.49,14.61,14.3545,67631191
2022-05-16,14.66,14.73,14.35,14.41,14.158,66822782
2022-05-17,14.51,14.72,14.32,14.71,14.4528,93140639
2022-05-18,14.85,14.89,14.67,14.75,14.4921,77857833
2022-05-19,14.55,14.7,14.5,14.62,14.3643,59092172
2022-05-20,14.7,15.04,14.67,15.02,14.7573,94859778
2022-05-23,15.07,15.07,14.76,14.83,14.5707,64772592
2022-05-24,14.87,14.87,14.4,14.4,14.1482,93355706
2022-05-25,14.43,14.49,14.3,14.39,14.1384,60322826
2022-05-26,14.41,14.43,14.07,14.19,13.9419,101131756
2022-05-27,14.29,14.35,14.11,14.18,13.932,72306674
2022-05-30,14.26,14.28,14.04,14.08,13.8338,89690123
2022-05-31,14.07,14.18,14,14.16,13.9124,93886855
2022-06-01,14.14,14.14,14,14.08,13.8338,84529898
2022-06-02,14.02,14.03,13.88,13.95,13.7061,97926822
2022-06-06,13.91,14.17,13.64,14.17,13.9222,171085175
2022-06-07,14.02,14.25,13.99,14.16,13.9124,131511262
2022-06-08,14.16,14.17,14.01,14.16,13.9124,114552124
2022-06-09,14.14,14.46,14.1,14.35,14.0991,163290134
2022-06-10,14.26,14.33,14.13,14.32,14.0696,134601231
2022-06-13,14.18,14.19,13.88,13.91,13.6668,154775285
2022-06-14,13.71,14.13,13.71,14.12,13.8731,115142939
2022-06-15,14.1,15.11,14.06,14.74,14.4822,341354371
2022-06-16,14.74,14.83,14.42,14.44,14.1875,133254631
2022-06-17,14.32,14.53,14.2,14.45,14.1973,105378794
2022-06-20,14.44,14.44,14.26,14.34,14.0892,103216680
2022-06-21,14.34,14.63,14.23,14.37,14.1187,132179398
2022-06-22,14.36,14.36,14.08,14.08,13.8338,105604592
2022-06-23,14.09,14.23,14.06,14.2,13.9517,80602803
2022-06-24,14.2,14.25,14.11,14.23,13.9812,86604061
2022-06-27,14.24,14.56,14.22,14.49,14.2366,149727818
2022-06-28,14.47,14.67,14.41,14.63,14.3742,112511048
2022-06-29,14.65,14.9,14.55,14.64,14.384,126654728
2022-06-30,14.63,15.02,14.55,14.98,14.718,154874501
2022-07-01,15,15.07,14.84,14.92,14.6591,77924332
2022-07-04,14.95,14.98,14.75,14.94,14.6787,83496807
2022-07-05,14.99,15.27,14.82,14.91,14.6493,111517210
2022-07-06,14.83,14.93,14.46,14.53,14.2759,104333523
2022-07-07,14.54,14.65,14.38,14.42,14.1678,73016098
2022-07-08,14.5,14.65,14.37,14.54,14.2857,63969823
2022-07-11,14.5,14.57,14.36,14.46,14.2071,61169194
2022-07-12,14.41,14.73,14.38,14.42,14.1678,74288242
2022-07-13,14.42,14.47,13.89,13.97,13.7257,217599606
2022-07-14,13.7,13.71,13.29,13.37,13.1362,263212087
2022-07-15,13.48,13.56,13.22,13.24,13.0085,159863740
2022-07-18,13.25,13.44,13.21,13.39,13.1558,115350581
2022-07-19,13.34,13.43,13.28,13.42,13.1853,75559710
2022-07-20,13.43,13.47,13.35,13.39,13.1558,80145866
2022-07-21,13.32,13.34,12.99,13.01,12.7825,197038789
2022-07-22,12.84,12.93,12.62,12.81,12.81,137650974
2022-07-25,12.8,12.85,12.67,12.82,12.82,76395581
2022-07-26,12.75,12.91,12.71,12.91,12.91,102404881
2022-07-27,12.85,12.88,12.73,12.79,12.79,92391408
2022-07-28,12.81,12.91,12.78,12.88,12.88,75034652
2022-07-29,12.88,12.9,12.65,12.68,12.68,83149747
2022-08-01,12.66,12.66,12.4,12.42,12.42,102573271
2022-08-02,12.22,12.34,11.94,12.26,12.26,137300930
2022-08-03,12.19,12.27,12.01,12.03,12.03,74613653
2022-08-04,12.1,12.17,12.02,12.16,12.16,60267562
2022-08-05,12.13,12.33,11.98,12.31,12.31,76529787
2022-08-08,12.25,12.36,12.16,12.2,12.2,55199969
2022-08-09,12.21,12.22,12.08,12.12,12.12,55844757
2022-08-10,12.12,12.24,12.02,12.06,12.06,68302321
2022-08-11,12.08,12.39,12.04,12.35,12.35,139930361
2022-08-12,12.26,12.41,12.2,12.38,12.38,82050356
2022-08-15,12.29,12.36,12.09,12.11,12.11,117201000
2022-08-16,12.11,12.2,12.1,12.13,12.13,63122370
2022-08-17,12.15,12.42,12.07,12.4,12.4,134850658
2022-08-18,12.48,12.54,12.16,12.25,12.25,126970094
2022-08-19,12.27,12.75,12.23,12.57,12.57,210641724
2022-08-22,12.58,12.68,12.41,12.5,12.5,113807658
2022-08-23,12.45,12.49,12.28,12.34,12.34,92146307
2022-08-24,12.33,12.54,12.33,12.4,12.4,129537533
2022-08-25,12.4,12.66,12.3,12.62,12.62,106401061
2022-08-26,12.68,12.75,12.46,12.61,12.61,92763426
2022-08-29,12.5,12.56,12.31,12.42,12.42,92449065
2022-08-30,12.43,12.54,12.28,12.48,12.48,79971238
2022-08-31,12.38,12.78,12.36,12.75,12.75,165304158
2022-09-01,12.65,12.79,12.58,12.61,12.61,86198195
2022-09-02,12.62,12.69,12.43,12.51,12.51,78636281
2022-09-05,12.46,12.6,12.37,12.57,12.57,63203998
2022-09-06,12.58,12.66,12.43,12.5,12.5,73129499
2022-09-07,12.42,12.42,12.28,12.33,12.33,97981281
2022-09-08,12.32,12.44,12.3,12.36,12.36,62111692
2022-09-09,12.4,12.74,12.36,12.72,12.72,195129731
2022-09-13,12.88,13.02,12.66,12.95,12.95,172268989
2022-09-14,12.75,12.87,12.7,12.73,12.73,85803584
2022-09-15,12.8,13.1,12.77,13,13,184101788
2022-09-16,12.92,12.95,12.56,12.56,12.56,135744781
2022-09-19,12.54,12.67,12.48,12.57,12.57,63212104
2022-09-20,12.61,12.63,12.32,12.34,12.34,88998853
2022-09-21,12.31,12.48,12.2,12.43,12.43,68419739
2022-09-22,12.33,12.36,12.25,12.29,12.29,58613338
2022-09-23,12.24,12.43,12.23,12.29,12.29,58644106
2022-09-26,12.16,12.28,11.99,12,12,90372904
2022-09-27,12,12.16,11.81,12.15,12.15,78962229
2022-09-28,12.09,12.25,11.92,12.11,12.11,78092558
2022-09-29,12.25,12.28,11.82,11.86,11.86,91771804
2022-09-30,11.87,11.96,11.83,11.84,11.84,53723019
2022-10-10,11.7,11.77,11.46,11.47,11.47,96608018
2022-10-11,11.54,11.58,11.41,11.48,11.48,41525337
2022-10-12,11.45,11.62,11.35,11.6,11.6,55957243
2022-10-13,11.51,11.54,11.31,11.34,11.34,85261597
2022-10-14,11.45,11.63,11.4,11.53,11.53,109606158
2022-10-17,11.42,11.52,11.34,11.48,11.48,102482271
2022-10-18,11.55,11.64,11.46,11.48,11.48,94683709
2022-10-19,11.42,11.49,11.28,11.29,11.29,92398968
2022-10-20,11.23,11.31,11.16,11.2,11.2,78192323
2022-10-21,11.21,11.25,11.07,11.09,11.09,78557429
2022-10-24,11.09,11.1,10.61,10.62,10.62,138339065
2022-10-25,10.7,10.81,10.6,10.65,10.65,131697940
2022-10-26,10.64,10.73,10.61,10.66,10.66,114382988
2022-10-27,10.7,10.77,10.66,10.68,10.68,95738346
2022-10-28,10.63,10.7,10.41,10.42,10.42,105794701
2022-10-31,10.33,10.45,10.22,10.34,10.34,98309569
2022-11-01,10.38,10.68,10.36,10.67,10.67,138123413
2022-11-02,10.61,10.68,10.48,10.63,10.63,130298818
2022-11-03,10.54,10.57,10.38,10.44,10.44,98353561
2022-11-04,10.4,10.85,10.39,10.82,10.82,177611223
2022-11-07,10.81,10.91,10.73,10.88,10.88,98808204
2022-11-08,10.89,10.92,10.78,10.85,10.85,58322205
2022-11-09,10.84,11.08,10.82,10.89,10.89,83210685
2022-11-10,10.79,10.9,10.69,10.87,10.87,55202119
2022-11-11,11.13,11.66,11.01,11.43,11.43,254507055
2022-11-14,11.7,12.28,11.7,11.95,11.95,387208410
2022-11-15,11.86,12.18,11.83,12.01,12.01,157390134
2022-11-16,11.97,12.05,11.79,11.82,11.82,127869288
2022-11-17,11.81,11.84,11.58,11.69,11.69,109104716
2022-11-18,11.74,11.78,11.57,11.59,11.59,86809329
2022-11-21,11.48,11.5,11.22,11.46,11.46,104773707
2022-11-22,11.46,11.93,11.44,11.82,11.82,149132388
2022-11-23,11.78,12.05,11.72,11.82,11.82,124765653
2022-11-24,11.92,11.99,11.69,11.77,11.77,79671882
2022-11-25,11.79,12.23,11.77,12.17,12.17,176072817
2022-11-28,11.9,11.92,11.69,11.81,11.81,133156295
2022-11-29,12.16,12.99,12.13,12.99,12.99,474927650
2022-11-30,12.9,13.34,12.82,13.03,13.03,320962830
2022-12-01,13.38,13.66,13.07,13.1,13.1,200268883
2022-12-02,13.14,13.15,12.69,12.9,12.9,140420278
2022-12-05,13.09,13.57,13.01,13.53,13.53,228762742
2022-12-06,13.34,13.66,13.25,13.43,13.43,125257891
2022-12-07,13.33,13.37,13.03,13.15,13.15,137737690
2022-12-08,13.15,13.52,13.12,13.36,13.36,106572280
2022-12-09,13.4,13.75,13.35,13.7,13.7,161583192
2022-12-12,13.58,13.58,13.06,13.11,13.11,139258428
2022-12-13,13.15,13.36,13.14,13.24,13.24,90228513
2022-12-14,13.23,13.4,13.08,13.23,13.23,97406110
2022-12-15,13.14,13.28,12.94,13.1,13.1,83534926
2022-12-16,13.02,13.4,13.02,13.34,13.34,92425167
2022-12-19,13.33,13.47,12.95,13.04,13.04,103086606
2022-12-20,12.97,13.08,12.67,12.76,12.76,89621223
2022-12-21,12.85,12.99,12.74,12.89,12.89,61458964
2022-12-22,13,13.15,12.9,12.95,12.95,67239430
2022-12-23,12.85,13.06,12.8,12.98,12.98,56442641
2022-12-26,12.99,13.04,12.71,12.77,12.77,79711987
2022-12-27,12.87,13.22,12.87,13.11,13.11,88600412
2022-12-28,13.16,13.38,13,13.14,13.14,79119198
2022-12-29,13.07,13.13,12.85,13.03,13.03,66689009
2022-12-30,13.04,13.28,12.96,13.16,13.16,81803598
2023-01-03,13.2,13.85,13.05,13.77,13.77,219412794
2023-01-04,13.71,14.42,13.63,14.32,14.32,218968253
2023-01-05,14.4,14.74,14.37,14.48,14.48,166542518
2023-01-06,14.5,14.72,14.48,14.62,14.62,119574471
2023-01-09,14.75,14.88,14.52,14.8,14.8,105765911
2023-01-10,14.76,14.89,14.39,14.44,14.44,126942339
2023-01-11,14.45,14.78,14.39,14.67,14.67,83056612
2023-01-12,14.77,14.77,14.53,14.67,14.67,62569484
2023-01-13,14.67,14.95,14.55,14.95,14.95,94908583
2023-01-16,14.95,15.28,14.85,15.08,15.08,156003989
2023-01-17,15.13,15.18,14.77,14.97,14.97,93583454
2023-01-18,14.95,15.18,14.91,15.11,15.11,71843403
2023-01-19,15.13,15.25,14.87,15.09,15.09,64187520
2023-01-20,15.16,15.24,15,15.13,15.13,60859008
2023-01-30,15.6,15.74,14.89,15.15,15.15,137431750
2023-01-31,15.24,15.51,14.96,14.99,14.99,103049784
2023-02-01,15.03,15.08,14.51,14.7,14.7,165342148
2023-02-02,14.74,14.78,14.27,14.6,14.6,157790039
2023-02-03,14.45,14.55,14.16,14.32,14.32,124638298
2023-02-06,14.1,14.13,13.86,14,14,131761010
2023-02-07,14.06,14.32,14.03,14.21,14.21,86946046
2023-02-08,14.24,14.32,14.03,14.04,14.04,65789257
2023-02-09,14.01,14.3,13.96,14.13,14.13,83035002
2023-02-10,14.1,14.12,13.86,13.98,13.98,84728366
2023-02-13,13.94,13.94,13.6,13.82,13.82,180005416
2023-02-14,13.85,13.98,13.8,13.96,13.96,90993709
2023-02-15,13.95,13.96,13.62,13.67,13.67,125024398
2023-02-16,13.68,13.91,13.5,13.6,13.6,127912329
2023-02-17,13.63,13.72,13.43,13.43,13.43,91836369
2023-02-20,13.5,14.15,13.49,14.15,14.15,211619117
2023-02-21,14.06,14.2,13.92,14.1,14.1,99049499
2023-02-22,14,14.12,13.94,14.02,14.02,63892239
2023-02-23,14,14.32,13.98,14.05,14.05,82449068
2023-02-24,14.02,14.03,13.8,13.86,13.86,72998904
2023-02-27,13.75,13.88,13.68,13.69,13.69,62146193
2023-02-28,13.75,13.85,13.61,13.78,13.78,60793592
2023-03-01,13.8,14.19,13.74,14.17,14.17,122345178
2023-03-02,14.13,14.44,14.06,14.24,14.24,101587684
2023-03-03,14.35,14.37,14.14,14.29,14.29,69095439
2023-03-06,14.3,14.3,13.72,13.85,13.85,145582414
2023-03-07,13.85,14.1,13.65,13.69,13.69,127926629
2023-03-08,13.63,13.64,13.4,13.53,13.53,109689791
2023-03-09,13.54,13.58,13.13,13.2,13.2,173606476
2023-03-10,13,13.27,13,13.14,13.14,85699610
2023-03-13,13.12,13.29,13,13.05,13.05,100063496
2023-03-14,12.99,13,12.73,12.87,12.87,114907558
2023-03-15,13.05,13.18,12.94,13.05,13.05,97936372
2023-03-16,12.89,13.03,12.8,12.82,12.82,91679249
2023-03-17,12.99,13.04,12.65,12.75,12.75,155681414
2023-03-20,12.76,12.85,12.55,12.57,12.57,118881633
2023-03-21,12.65,12.78,12.5,12.7,12.7,84074317
2023-03-22,12.75,12.88,12.71,12.79,12.79,87669077
2023-03-23,12.7,12.9,12.63,12.9,12.9,80430604
2023-03-24,12.85,12.86,12.76,12.82,12.82,62151875
2023-03-27,12.8,12.81,12.46,12.6,12.6,100842214
2023-03-28,12.66,12.73,12.55,12.64,12.64,67386843
2023-03-29,12.73,12.74,12.5,12.53,12.53,59606433
2023-03-30,12.55,12.71,12.41,12.68,12.68,82454624
2023-03-31,12.69,12.77,12.51,12.53,12.53,86549166
2023-04-03,12.55,12.69,12.46,12.67,12.3628,74042886
2023-04-04,12.64,12.72,12.59,12.65,12.3433,64745722
2023-04-06,12.6,12.61,12.5,12.58,12.275,56332130
2023-04-07,12.57,12.69,12.5,12.62,12.314,60792526
2023-04-10,12.64,12.7,12.58,12.68,12.3726,64018181
2023-04-11,12.7,12.72,12.52,12.54,12.236,77777962
2023-04-12,12.58,12.59,12.45,12.48,12.1774,90995706
2023-04-13,12.41,12.67,12.3,12.56,12.2555,113159146
2023-04-14,12.6,12.9,12.58,12.69,12.3823,129799484
2023-04-17,12.66,12.94,12.6,12.93,12.6165,130421259
2023-04-18,12.93,13.2,12.89,13,12.6848,153893615
2023-04-19,13.02,13.07,12.83,12.85,12.5385,101437815
2023-04-20,12.9,12.9,12.62,12.75,12.4409,81178841
2023-04-21,12.7,12.83,12.48,12.5,12.1969,91866839
2023-04-24,12.48,12.5,12.03,12.1,11.8066,146767192
2023-04-25,12.14,12.37,12.12,12.28,11.9823,130190082
2023-04-26,12.25,12.25,11.99,12.12,11.8262,99126040
2023-04-27,12.06,12.35,12,12.26,11.9628,100409337
2023-04-28,12.26,12.78,12.22,12.55,12.2457,144525434
2023-05-04,12.4,12.83,12.19,12.73,12.4214,147826438
2023-05-05,12.78,13.11,12.75,12.91,12.597,176218865
2023-05-08,12.94,13.49,12.84,13.32,12.9971,263071861
2023-05-09,13.4,13.6,13.13,13.16,12.8409,242253445
2023-05-10,13.17,13.26,12.8,12.84,12.5287,123705339
2023-05-11,12.95,13.12,12.8,12.85,12.5385,90375844
2023-05-12,12.82,12.87,12.61,12.62,12.314,88560368
2023-05-15,12.68,12.85,12.45,12.83,12.5189,92832563
2023-05-16,12.8,12.92,12.57,12.62,12.314,99830169
2023-05-17,12.58,12.64,12.44,12.49,12.1872,75462120
2023-05-18,12.57,12.64,12.43,12.49,12.1872,68718687
2023-05-19,12.43,12.44,12.32,12.34,12.0408,68841368
2023-05-22,12.31,12.45,12.31,12.38,12.0798,54932785
2023-05-23,12.38,12.41,12.21,12.21,11.914,69436436
2023-05-24,12.2,12.21,12.01,12.01,11.7188,82425088
2023-05-25,11.99,12,11.81,11.93,11.6408,88274430
2023-05-26,11.93,12.13,11.84,12.1,11.8066,51142864
2023-05-29,12.11,12.13,11.95,11.98,11.6895,56607382
2023-05-30,11.98,11.99,11.8,11.87,11.5822,76399692
2023-05-31,11.82,11.84,11.58,11.6,11.3188,117958671
2023-06-01,11.6,11.68,11.5,11.59,11.309,74302293
2023-06-02,11.68,11.97,11.64,11.93,11.6408,122184253
2023-06-05,11.88,12,11.82,11.91,11.6212,52184619
2023-06-06,11.91,12.09,11.82,11.84,11.5529,83327347
2023-06-07,11.89,12.07,11.88,11.94,11.6505,64369784
2023-06-08,11.96,12.2,11.86,12.12,11.8262,86939712
2023-06-09,12.06,12.09,11.85,11.88,11.592,131528476
2023-06-12,11.82,11.9,11.76,11.79,11.5042,75874703
2023-06-13,11.76,11.84,11.69,11.77,11.4846,84998805
2023-06-14,11.55,11.73,11.46,11.47,11.47,106920004
2023-06-15,11.49,11.63,11.39,11.61,11.61,92530056
2023-06-16,11.61,11.67,11.57,11.63,11.63,84203365
2023-06-19,11.63,11.63,11.41,11.45,11.45,95399707
2023-06-20,11.44,11.46,11.35,11.36,11.36,54455079
2023-06-21,11.36,11.48,11.34,11.35,11.35,61658296
2023-06-26,11.3,11.3,11.15,11.18,11.18,67657743
2023-06-27,11.2,11.32,11.17,11.28,11.28,46170178
2023-06-28,11.28,11.33,11.22,11.3,11.3,36539644
2023-06-29,11.29,11.29,11.17,11.18,11.18,48590630
2023-06-30,11.18,11.31,11.15,11.23,11.23,51905258
2023-07-03,11.24,11.53,11.23,11.49,11.49,88509071
2023-07-04,11.46,11.49,11.32,11.4,11.4,61630056
2023-07-05,11.36,11.4,11.3,11.34,11.34,42348240
2023-07-06,11.3,11.34,11.21,11.24,11.24,59709591
2023-07-07,11.2,11.27,11.18,11.2,11.2,48444083
2023-07-10,11.25,11.28,11.17,11.2,11.2,49588228
2023-07-11,11.22,11.26,11.19,11.21,11.21,57080909
2023-07-12,11.23,11.36,11.22,11.24,11.24,73608367
2023-07-13,11.32,11.47,11.27,11.43,11.43,112422973
2023-07-14,11.43,11.55,11.4,11.46,11.46,71914699
2023-07-17,11.41,11.41,11.26,11.31,11.31,60834258
2023-07-18,11.29,11.32,11.22,11.25,11.25,47196618
2023-07-19,11.23,11.32,11.23,11.31,11.31,38219596
2023-07-20,11.33,11.44,11.29,11.32,11.32,55406957
2023-07-21,11.31,11.39,11.28,11.34,11.34,37710256
2023-07-24,11.33,11.33,11.24,11.26,11.26,42685218
2023-07-25,11.45,11.73,11.44,11.72,11.72,203295819
2023-07-26,11.65,11.74,11.56,11.67,11.67,75166268
2023-07-27,11.68,11.87,11.65,11.75,11.75,111519586
2023-07-28,11.69,12.3,11.67,12.26,12.26,234701346
2023-07-31,12.3,12.5,12.23,12.32,12.32,185495239
2023-08-01,12.26,12.37,12.13,12.16,12.16,95773478
2023-08-02,12.06,12.24,11.93,12.03,12.03,111590004
2023-08-03,11.99,12.37,11.95,12.33,12.33,117584771
2023-08-04,12.42,12.53,12.21,12.3,12.3,130313102
2023-08-07,12.21,12.25,12.12,12.16,12.16,64691326
2023-08-08,12.12,12.21,12,12.1,12.1,72570456
2023-08-09,12.06,12.2,12.05,12.17,12.17,57760774
2023-08-10,12.15,12.21,12.06,12.16,12.16,47559453
2023-08-11,12.17,12.27,11.89,11.89,11.89,94353857
2023-08-14,11.76,11.78,11.59,11.67,11.67,97592018
2023-08-15,11.69,11.8,11.6,11.73,11.73,71281277
2023-08-16,11.67,11.85,11.61,11.73,11.73,57290437
2023-08-17,11.67,11.7,11.46,11.57,11.57,96505775
2023-08-18,11.58,11.74,11.53,11.56,11.56,65981885
2023-08-21,11.56,11.58,11.32,11.32,11.32,70149785
2023-08-22,11.38,11.45,11.31,11.37,11.37,60680809
2023-08-23,11.35,11.42,11.24,11.25,11.25,69180998
2023-08-24,11.29,11.32,11.05,11.13,11.13,129127070
2023-08-25,11.1,11.33,11.08,11.23,11.23,84534992
2023-08-28,11.84,11.93,11.49,11.52,11.52,199760987
2023-08-29,11.47,11.49,11.13,11.31,11.31,196496143
2023-08-30,11.27,11.27,11.13,11.13,11.13,137563829
2023-08-31,11.14,11.22,11.12,11.13,11.13,80647403
2023-09-01,11.19,11.36,11.19,11.32,11.32,113870483
2023-09-04,11.35,11.59,11.33,11.56,11.56,141002923
2023-09-05,11.5,11.51,11.36,11.39,11.39,80417716
2023-09-06,11.33,11.46,11.3,11.43,11.43,63484051
2023-09-07,11.4,11.44,11.32,11.33,11.33,54004157
2023-09-08,11.28,11.32,11.23,11.27,11.27,47902967
2023-09-11,11.3,11.4,11.27,11.34,11.34,65448558
2023-09-12,11.35,11.35,11.25,11.28,11.28,49548506
2023-09-13,11.29,11.32,11.21,11.25,11.25,49021797
2023-09-14,11.28,11.33,11.25,11.29,11.29,55165017
2023-09-15,11.35,11.4,11.2,11.22,11.22,89047613
2023-09-18,11.22,11.24,11.14,11.23,11.23,50132501
2023-09-19,11.22,11.23,11.16,11.21,11.21,50366432
2023-09-20,11.2,11.22,11.15,11.15,11.15,55887241
2023-09-21,11.14,11.14,11.04,11.05,11.05,84393011
2023-09-22,11.03,11.25,11.03,11.24,11.24,91148430
2023-09-25,11.24,11.32,11.19,11.22,11.22,76121125
2023-09-26,11.22,11.26,11.14,11.16,11.16,44498035
2023-09-27,11.15,11.22,11.15,11.17,11.17,49031061
2023-09-28,11.19,11.24,11.18,11.2,11.2,52069678
2023-10-09,11.16,11.17,11.06,11.11,11.11,69582809
2023-10-10,11.19,11.2,11.02,11.02,11.02,82074851
2023-10-11,11.09,11.09,10.96,10.98,10.98,72411569
2023-10-12,11.11,11.16,11.04,11.11,11.11,85305750
2023-10-13,11.03,11.07,10.95,11,11,68448308
2023-10-16,11,11.03,10.95,11.01,11.01,50162432
2023-10-17,11.01,11.05,10.96,11.02,11.02,49352505
2023-10-18,10.99,11.02,10.91,10.95,10.95,65182492
2023-10-19,10.91,10.92,10.59,10.6,10.6,118896083
2023-10-20,10.55,10.67,10.51,10.6,10.6,52613912
2023-10-23,10.59,10.6,10.43,10.5,10.5,53040448
2023-10-24,10.54,10.61,10.44,10.55,10.55,76065269
2023-10-25,10.51,10.54,10.36,10.38,10.38,141144968
2023-10-26,10.31,10.42,10.3,10.41,10.41,59999147
2023-10-27,10.38,10.48,10.33,10.45,10.45,91977136
2023-10-30,10.4,10.47,10.35,10.45,10.45,80568955
2023-10-31,10.43,10.49,10.41,10.46,10.46,65285523
2023-11-01,10.55,10.56,10.45,10.48,10.48,56730035
2023-11-02,10.5,10.6,10.47,10.48,10.48,61942995
2023-11-03,10.49,10.52,10.43,10.48,10.48,70546347
2023-11-06,10.51,10.69,10.51,10.69,10.69,100706221
2023-11-07,10.66,10.66,10.58,10.6,10.6,64086612
2023-11-08,10.58,10.6,10.45,10.5,10.5,87781875
2023-11-09,10.46,10.52,10.43,10.49,10.49,63913648
2023-11-10,10.45,10.47,10.29,10.3,10.3,104504417
2023-11-13,10.31,10.33,10.22,10.25,10.25,77004310
2023-11-14,10.24,10.33,10.23,10.27,10.27,59685888
2023-11-15,10.37,10.45,10.34,10.37,10.37,110914015
2023-11-16,10.38,10.39,10.23,10.24,10.24,92262194
2023-11-17,10.22,10.25,10.12,10.15,10.15,90336217
2023-11-20,10.15,10.22,10.1,10.19,10.19,63952831
2023-11-21,10.23,10.35,10.22,10.28,10.28,104116573
2023-11-22,10.26,10.31,10.14,10.16,10.16,73748951
2023-11-23,10.15,10.16,10.07,10.15,10.15,84665587
2023-11-24,10.11,10.13,10.08,10.1,10.1,68469456
2023-11-27,10.09,10.09,9.97,10.01,10.01,83618785
2023-11-28,9.99,10.02,9.95,9.95,9.95,78617469
2023-11-29,9.95,9.97,9.7,9.72,9.72,146759662
2023-11-30,9.69,9.73,9.62,9.68,9.68,90176457
2023-12-01,9.65,9.68,9.58,9.66,9.66,77805699
2023-12-04,9.67,9.68,9.61,9.63,9.63,60543785
2023-12-05,9.61,9.62,9.47,9.48,9.48,78737848
2023-12-06,9.44,9.57,9.4,9.5,9.5,75305592
2023-12-07,9.49,9.49,9.38,9.44,9.44,58538019
2023-12-08,9.41,9.45,9.3,9.3,9.3,102115150
2023-12-11,9.22,9.38,9.13,9.35,9.35,113366281
2023-12-12,9.31,9.5,9.3,9.42,9.42,85501642
2023-12-13,9.38,9.39,9.15,9.16,9.16,106130165
2023-12-14,9.21,9.28,9.15,9.15,9.15,74290056
2023-12-15,9.2,9.35,9.19,9.21,9.21,98893942
2023-12-18,9.18,9.24,9.09,9.13,9.13,65442562
2023-12-19,9.12,9.17,9.07,9.1,9.1,64407088
2023-12-20,9.11,9.15,9.03,9.03,9.03,71563363
2023-12-21,9.01,9.19,8.99,9.17,9.17,101704676
2023-12-22,9.19,9.28,9.11,9.2,9.2,100564502
2023-12-25,9.18,9.2,9.14,9.19,9.19,41397088
2023-12-26,9.19,9.2,9.07,9.1,9.1,54189633
2023-12-27,9.1,9.13,9.02,9.12,9.12,64153435
2023-12-28,9.11,9.47,9.08,9.45,9.45,166159184
2023-12-29,9.42,9.48,9.35,9.39,9.39,85385279
2024-01-02,9.39,9.42,9.21,9.21,9.21,115836645
2024-01-03,9.19,9.22,9.15,9.2,9.2,73361031
2024-01-04,9.19,9.19,9.08,9.11,9.11,86419399
2024-01-05,9.1,9.44,9.07,9.27,9.27,199162216
2024-01-08,9.23,9.3,9.11,9.15,9.15,112115619
2024-01-09,9.16,9.19,9.09,9.18,9.18,76619388
2024-01-10,9.16,9.19,9.09,9.09,9.09,85862091
2024-01-11,9.08,9.22,9.03,9.17,9.17,93468637
2024-01-12,9.13,9.27,9.11,9.19,9.19,77258215
2024-01-15,9.16,9.29,9.13,9.21,9.21,74513266
2024-01-16,9.19,9.35,9.16,9.34,9.34,143831258
2024-01-17,9.33,9.39,9.23,9.23,9.23,148229621
2024-01-18,9.21,9.24,9,9.2,9.2,175513247
2024-01-19,9.16,9.2,9.1,9.17,9.17,96398142
2024-01-22,9.16,9.26,9.04,9.1,9.1,158031966
2024-01-23,9.05,9.18,8.96,9.16,9.16,113554458
2024-01-24,9.23,9.34,9.07,9.33,9.33,175912316
2024-01-25,9.33,9.54,9.27,9.5,9.5,216251395
2024-01-26,9.47,9.67,9.44,9.62,9.62,227228706
2024-01-29,9.69,9.88,9.58,9.7,9.7,237625184
2024-01-30,9.61,9.7,9.49,9.5,9.5,157912214
2024-01-31,9.46,9.56,9.38,9.46,9.46,135721747
2024-02-01,9.41,9.48,9.34,9.41,9.41,105525987
2024-02-02,9.42,9.47,9.07,9.27,9.27,163421431
2024-02-05,9.19,9.43,9.11,9.38,9.38,180359190
2024-02-06,9.3,9.68,9.29,9.68,9.68,199540954
2024-02-07,9.62,9.67,9.48,9.61,9.61,206201497
2024-02-08,9.58,9.67,9.52,9.67,9.67,165681384
2024-02-19,9.76,9.81,9.65,9.81,9.81,160524265
2024-02-20,9.79,9.84,9.73,9.82,9.82,112356398
2024-02-21,9.78,10.8,9.77,10.8,10.8,505528460
2024-02-22,10.65,10.91,10.62,10.9,10.9,492232512
2024-02-23,10.88,11.24,10.84,10.85,10.85,356747950
2024-02-26,10.78,10.88,10.5,10.53,10.53,286260888
2024-02-27,10.49,10.6,10.46,10.5,10.5,198190492
2024-02-28,10.51,10.7,10.4,10.49,10.49,308269265
2024-02-29,10.42,10.59,10.41,10.59,10.59,184534423
2024-03-01,10.59,10.6,10.43,10.49,10.49,182810290
2024-03-04,10.45,10.5,10.32,10.33,10.33,165592954
2024-03-05,10.3,10.47,10.26,10.43,10.43,181731907
2024-03-06,10.4,10.45,10.33,10.33,10.33,134564016
2024-03-07,10.33,10.64,10.33,10.38,10.38,201616589
2024-03-08,10.35,10.44,10.3,10.38,10.38,111397428
2024-03-11,10.38,10.47,10.34,10.47,10.47,121067298
2024-03-12,10.48,10.59,10.41,10.56,10.56,164126237
2024-03-13,10.53,10.55,10.3,10.33,10.33,176803911
2024-03-14,10.3,10.38,10.2,10.23,10.23,140939973
2024-03-15,10.55,10.75,10.5,10.6,10.6,375020789
2024-03-18,10.56,10.61,10.49,10.54,10.54,167139651
2024-03-19,10.53,10.54,10.39,10.4,10.4,129321558
2024-03-20,10.38,10.47,10.37,10.45,10.45,87266316
2024-03-21,10.45,10.52,10.42,10.47,10.47,86446625
2024-03-22,10.45,10.45,10.31,10.36,10.36,102814174
2024-03-25,10.35,10.49,10.32,10.4,10.4,95320221
2024-03-26,10.45,10.66,10.42,10.6,10.6,174002146
2024-03-27,10.56,10.63,10.51,10.53,10.53,127413599
2024-03-28,10.51,10.57,10.38,10.49,10.49,130218892
2024-03-29,10.45,10.57,10.43,10.52,10.52,87275898
